USE [master]
GO
/****** Object:  Table [dbo].[TBLACT]    Script Date: 01/05/2021 16:22:34 ******/
SET ANSI_NULLS ON
GO
SET QUOTED_IDENTIFIER ON
GO
CREATE TABLE [dbo].[TBLACT](
	[ACT_ID] [int] IDENTITY(1,1) NOT NULL,
	[ACT_NM] [varchar](255) NOT NULL,
PRIMARY KEY CLUSTERED 
(
	[ACT_ID] ASC
)WITH (PAD_INDEX = OFF, STATISTICS_NORECOMPUTE = OFF, IGNORE_DUP_KEY = OFF, ALLOW_ROW_LOCKS = ON, ALLOW_PAGE_LOCKS = ON) ON [PRIMARY]
) ON [PRIMARY]
GO
/****** Object:  Table [dbo].[TBLDIR]    Script Date: 01/05/2021 16:22:34 ******/
SET ANSI_NULLS ON
GO
SET QUOTED_IDENTIFIER ON
GO
CREATE TABLE [dbo].[TBLDIR](
	[DIR_ID] [int] IDENTITY(1,1) NOT NULL,
	[DIR_NM] [varchar](255) NOT NULL,
PRIMARY KEY CLUSTERED 
(
	[DIR_ID] ASC
)WITH (PAD_INDEX = OFF, STATISTICS_NORECOMPUTE = OFF, IGNORE_DUP_KEY = OFF, ALLOW_ROW_LOCKS = ON, ALLOW_PAGE_LOCKS = ON) ON [PRIMARY]
) ON [PRIMARY]
GO
/****** Object:  Table [dbo].[TBLGEN]    Script Date: 01/05/2021 16:22:34 ******/
SET ANSI_NULLS ON
GO
SET QUOTED_IDENTIFIER ON
GO
CREATE TABLE [dbo].[TBLGEN](
	[GEN_ID] [int] IDENTITY(1,1) NOT NULL,
	[GEN_NM] [varchar](255) NOT NULL,
PRIMARY KEY CLUSTERED 
(
	[GEN_ID] ASC
)WITH (PAD_INDEX = OFF, STATISTICS_NORECOMPUTE = OFF, IGNORE_DUP_KEY = OFF, ALLOW_ROW_LOCKS = ON, ALLOW_PAGE_LOCKS = ON) ON [PRIMARY]
) ON [PRIMARY]
GO
/****** Object:  Table [dbo].[TBLMNTE]    Script Date: 01/05/2021 16:22:34 ******/
SET ANSI_NULLS ON
GO
SET QUOTED_IDENTIFIER ON
GO
CREATE TABLE [dbo].[TBLMNTE](
	[MNTE_ID] [int] IDENTITY(1,1) NOT NULL,
	[MNTE_NT] [int] NOT NULL,
	[MOV_ID] [int] NOT NULL,
	[USER_ID] [int] NOT NULL,
PRIMARY KEY CLUSTERED 
(
	[MNTE_ID] ASC
)WITH (PAD_INDEX = OFF, STATISTICS_NORECOMPUTE = OFF, IGNORE_DUP_KEY = OFF, ALLOW_ROW_LOCKS = ON, ALLOW_PAGE_LOCKS = ON) ON [PRIMARY]
) ON [PRIMARY]
GO
/****** Object:  Table [dbo].[TBLMOV]    Script Date: 01/05/2021 16:22:34 ******/
SET ANSI_NULLS ON
GO
SET QUOTED_IDENTIFIER ON
GO
CREATE TABLE [dbo].[TBLMOV](
	[MOV_ID] [int] IDENTITY(1,1) NOT NULL,
	[MOV_NM] [varchar](255) NOT NULL,
	[MOV_DTL] [varchar](400) NOT NULL,
	[GEN_ID] [int] NOT NULL,
	[DIR_ID] [int] NOT NULL,
PRIMARY KEY CLUSTERED 
(
	[MOV_ID] ASC
)WITH (PAD_INDEX = OFF, STATISTICS_NORECOMPUTE = OFF, IGNORE_DUP_KEY = OFF, ALLOW_ROW_LOCKS = ON, ALLOW_PAGE_LOCKS = ON) ON [PRIMARY]
) ON [PRIMARY]
GO
/****** Object:  Table [dbo].[TBLMVAC]    Script Date: 01/05/2021 16:22:34 ******/
SET ANSI_NULLS ON
GO
SET QUOTED_IDENTIFIER ON
GO
CREATE TABLE [dbo].[TBLMVAC](
	[MVAC_ID] [int] IDENTITY(1,1) NOT NULL,
	[MOV_ID] [int] NOT NULL,
	[ACT_ID] [int] NOT NULL,
PRIMARY KEY CLUSTERED 
(
	[MVAC_ID] ASC
)WITH (PAD_INDEX = OFF, STATISTICS_NORECOMPUTE = OFF, IGNORE_DUP_KEY = OFF, ALLOW_ROW_LOCKS = ON, ALLOW_PAGE_LOCKS = ON) ON [PRIMARY]
) ON [PRIMARY]
GO
/****** Object:  Table [dbo].[TBLPRO]    Script Date: 01/05/2021 16:22:34 ******/
SET ANSI_NULLS ON
GO
SET QUOTED_IDENTIFIER ON
GO
CREATE TABLE [dbo].[TBLPRO](
	[PRO_ID] [int] IDENTITY(1,1) NOT NULL,
	[PRO_NM] [varchar](255) NOT NULL,
PRIMARY KEY CLUSTERED 
(
	[PRO_ID] ASC
)WITH (PAD_INDEX = OFF, STATISTICS_NORECOMPUTE = OFF, IGNORE_DUP_KEY = OFF, ALLOW_ROW_LOCKS = ON, ALLOW_PAGE_LOCKS = ON) ON [PRIMARY]
) ON [PRIMARY]
GO
/****** Object:  Table [dbo].[TBLSTA]    Script Date: 01/05/2021 16:22:34 ******/
SET ANSI_NULLS ON
GO
SET QUOTED_IDENTIFIER ON
GO
CREATE TABLE [dbo].[TBLSTA](
	[STA_ID] [int] IDENTITY(1,1) NOT NULL,
	[STA_NM] [varchar](255) NOT NULL,
PRIMARY KEY CLUSTERED 
(
	[STA_ID] ASC
)WITH (PAD_INDEX = OFF, STATISTICS_NORECOMPUTE = OFF, IGNORE_DUP_KEY = OFF, ALLOW_ROW_LOCKS = ON, ALLOW_PAGE_LOCKS = ON) ON [PRIMARY]
) ON [PRIMARY]
GO
/****** Object:  Table [dbo].[TBLUSER]    Script Date: 01/05/2021 16:22:34 ******/
SET ANSI_NULLS ON
GO
SET QUOTED_IDENTIFIER ON
GO
CREATE TABLE [dbo].[TBLUSER](
	[USER_ID] [int] IDENTITY(1,1) NOT NULL,
	[USER_NM] [varchar](250) NOT NULL,
	[USER_EMl] [varchar](250) NOT NULL,
	[USER_LG] [varchar](150) NOT NULL,
	[USER_PW] [varchar](50) NOT NULL,
	[STA_ID] [int] NOT NULL,
	[PRO_ID] [int] NOT NULL,
PRIMARY KEY CLUSTERED 
(
	[USER_ID] ASC
)WITH (PAD_INDEX = OFF, STATISTICS_NORECOMPUTE = OFF, IGNORE_DUP_KEY = OFF, ALLOW_ROW_LOCKS = ON, ALLOW_PAGE_LOCKS = ON) ON [PRIMARY]
) ON [PRIMARY]
GO
SET IDENTITY_INSERT [dbo].[TBLACT] ON 

INSERT [dbo].[TBLACT] ([ACT_ID], [ACT_NM]) VALUES (1, N'Kyle Chandler')
INSERT [dbo].[TBLACT] ([ACT_ID], [ACT_NM]) VALUES (2, N'Millie Bobby Brow')
INSERT [dbo].[TBLACT] ([ACT_ID], [ACT_NM]) VALUES (3, N'Alexander Skarsgård')
INSERT [dbo].[TBLACT] ([ACT_ID], [ACT_NM]) VALUES (4, N'Gal Gadot')
INSERT [dbo].[TBLACT] ([ACT_ID], [ACT_NM]) VALUES (5, N'Chris Pine')
INSERT [dbo].[TBLACT] ([ACT_ID], [ACT_NM]) VALUES (6, N'Kristen Wiig')
SET IDENTITY_INSERT [dbo].[TBLACT] OFF
GO
SET IDENTITY_INSERT [dbo].[TBLDIR] ON 

INSERT [dbo].[TBLDIR] ([DIR_ID], [DIR_NM]) VALUES (1, N'Adam Wingard')
INSERT [dbo].[TBLDIR] ([DIR_ID], [DIR_NM]) VALUES (2, N'Patty Jenkins')
SET IDENTITY_INSERT [dbo].[TBLDIR] OFF
GO
SET IDENTITY_INSERT [dbo].[TBLGEN] ON 

INSERT [dbo].[TBLGEN] ([GEN_ID], [GEN_NM]) VALUES (1, N'Ação')
INSERT [dbo].[TBLGEN] ([GEN_ID], [GEN_NM]) VALUES (2, N'Aventura')
INSERT [dbo].[TBLGEN] ([GEN_ID], [GEN_NM]) VALUES (3, N'Ficção científica')
INSERT [dbo].[TBLGEN] ([GEN_ID], [GEN_NM]) VALUES (4, N'Fantasia')
INSERT [dbo].[TBLGEN] ([GEN_ID], [GEN_NM]) VALUES (5, N'Terror')
INSERT [dbo].[TBLGEN] ([GEN_ID], [GEN_NM]) VALUES (6, N'Suspense')
INSERT [dbo].[TBLGEN] ([GEN_ID], [GEN_NM]) VALUES (7, N'Policiais')
INSERT [dbo].[TBLGEN] ([GEN_ID], [GEN_NM]) VALUES (8, N'Drama')
SET IDENTITY_INSERT [dbo].[TBLGEN] OFF
GO
SET IDENTITY_INSERT [dbo].[TBLMNTE] ON 

INSERT [dbo].[TBLMNTE] ([MNTE_ID], [MNTE_NT], [MOV_ID], [USER_ID]) VALUES (1, 2, 1, 2)
INSERT [dbo].[TBLMNTE] ([MNTE_ID], [MNTE_NT], [MOV_ID], [USER_ID]) VALUES (2, 4, 1, 3)
INSERT [dbo].[TBLMNTE] ([MNTE_ID], [MNTE_NT], [MOV_ID], [USER_ID]) VALUES (3, 3, 2, 3)
INSERT [dbo].[TBLMNTE] ([MNTE_ID], [MNTE_NT], [MOV_ID], [USER_ID]) VALUES (4, 4, 2, 2)
SET IDENTITY_INSERT [dbo].[TBLMNTE] OFF
GO
SET IDENTITY_INSERT [dbo].[TBLMOV] ON 

INSERT [dbo].[TBLMOV] ([MOV_ID], [MOV_NM], [MOV_DTL], [GEN_ID], [DIR_ID]) VALUES (1, N'GODZILLA VS KONG', N'Em Godzilla vs Kong, duas poderosas forças da natureza vão se enfrentar em uma grande batalha. Enquanto a organização científica secreta Monarch caça, investiga e estuda a origem dos Titãs, uma conspiração tem a intenção de acabar com todas as criaturas, sejam elas ameaçadoras ou não. O mundo sobreviverá ao duelo de monstros? ', 4, 1)
INSERT [dbo].[TBLMOV] ([MOV_ID], [MOV_NM], [MOV_DTL], [GEN_ID], [DIR_ID]) VALUES (2, N'MULHER-MARAVILHA 1984', N'Mulher-Maravilha 1984 acompanha Diana Prince/Mulher-Maravilha (Gal Gadot) em 1984, durante a Guerra Fria, entrando em conflito com dois grande inimigos - o empresário de mídia Maxwell Lord (Pedro Pascal) e a amiga que virou inimiga Barbara Minerva/Cheetah (Kristen Wiig) - enquanto se reúne com seu interesse amoroso Steve Trevor (Chris Pine). ', 1, 2)
SET IDENTITY_INSERT [dbo].[TBLMOV] OFF
GO
SET IDENTITY_INSERT [dbo].[TBLMVAC] ON 

INSERT [dbo].[TBLMVAC] ([MVAC_ID], [MOV_ID], [ACT_ID]) VALUES (1, 1, 1)
INSERT [dbo].[TBLMVAC] ([MVAC_ID], [MOV_ID], [ACT_ID]) VALUES (2, 1, 2)
INSERT [dbo].[TBLMVAC] ([MVAC_ID], [MOV_ID], [ACT_ID]) VALUES (3, 1, 3)
INSERT [dbo].[TBLMVAC] ([MVAC_ID], [MOV_ID], [ACT_ID]) VALUES (4, 2, 4)
INSERT [dbo].[TBLMVAC] ([MVAC_ID], [MOV_ID], [ACT_ID]) VALUES (5, 2, 5)
INSERT [dbo].[TBLMVAC] ([MVAC_ID], [MOV_ID], [ACT_ID]) VALUES (6, 2, 6)
SET IDENTITY_INSERT [dbo].[TBLMVAC] OFF
GO
SET IDENTITY_INSERT [dbo].[TBLPRO] ON 

INSERT [dbo].[TBLPRO] ([PRO_ID], [PRO_NM]) VALUES (1, N'Administrador')
INSERT [dbo].[TBLPRO] ([PRO_ID], [PRO_NM]) VALUES (2, N'Cliente')
SET IDENTITY_INSERT [dbo].[TBLPRO] OFF
GO
SET IDENTITY_INSERT [dbo].[TBLSTA] ON 

INSERT [dbo].[TBLSTA] ([STA_ID], [STA_NM]) VALUES (1, N'Ativo')
INSERT [dbo].[TBLSTA] ([STA_ID], [STA_NM]) VALUES (2, N'Inativo')
SET IDENTITY_INSERT [dbo].[TBLSTA] OFF
GO
SET IDENTITY_INSERT [dbo].[TBLUSER] ON 

INSERT [dbo].[TBLUSER] ([USER_ID], [USER_NM], [USER_EMl], [USER_LG], [USER_PW], [STA_ID], [PRO_ID]) VALUES (1, N'Geraldo Grise', N'geraldo.grise@hotmail.com', N'grise', N'grise123', 1, 1)
INSERT [dbo].[TBLUSER] ([USER_ID], [USER_NM], [USER_EMl], [USER_LG], [USER_PW], [STA_ID], [PRO_ID]) VALUES (2, N'Geraldo Bacelar', N'geraldo.bacelar@hotmail.com', N'bacelar', N'bacelar123', 1, 2)
INSERT [dbo].[TBLUSER] ([USER_ID], [USER_NM], [USER_EMl], [USER_LG], [USER_PW], [STA_ID], [PRO_ID]) VALUES (3, N'Geraldo Sousa', N'geraldo.sousa@hotmail.com', N'sousa', N'sousa123', 1, 2)
SET IDENTITY_INSERT [dbo].[TBLUSER] OFF
GO
ALTER TABLE [dbo].[TBLMNTE]  WITH CHECK ADD FOREIGN KEY([MOV_ID])
REFERENCES [dbo].[TBLMOV] ([MOV_ID])
GO
ALTER TABLE [dbo].[TBLMNTE]  WITH CHECK ADD FOREIGN KEY([USER_ID])
REFERENCES [dbo].[TBLUSER] ([USER_ID])
GO
ALTER TABLE [dbo].[TBLMOV]  WITH CHECK ADD FOREIGN KEY([DIR_ID])
REFERENCES [dbo].[TBLDIR] ([DIR_ID])
GO
ALTER TABLE [dbo].[TBLMOV]  WITH CHECK ADD FOREIGN KEY([GEN_ID])
REFERENCES [dbo].[TBLGEN] ([GEN_ID])
GO
ALTER TABLE [dbo].[TBLMVAC]  WITH CHECK ADD FOREIGN KEY([ACT_ID])
REFERENCES [dbo].[TBLACT] ([ACT_ID])
GO
ALTER TABLE [dbo].[TBLMVAC]  WITH CHECK ADD FOREIGN KEY([MOV_ID])
REFERENCES [dbo].[TBLMOV] ([MOV_ID])
GO
ALTER TABLE [dbo].[TBLUSER]  WITH CHECK ADD FOREIGN KEY([PRO_ID])
REFERENCES [dbo].[TBLPRO] ([PRO_ID])
GO
ALTER TABLE [dbo].[TBLUSER]  WITH CHECK ADD FOREIGN KEY([STA_ID])
REFERENCES [dbo].[TBLSTA] ([STA_ID])
GO
